{
	"info": {
		"_postman_id": "073f6104-5036-481b-88c9-d8f2e76346b0",
		"name": "Firepower Management Center",
		"schema": "https://schema.getpostman.com/json/collection/v2.1.0/collection.json"
	},
	"item": [
		{
			"name": "New Token Request",
			"event": [
				{
					"listen": "test",
					"script": {
						"id": "b08a254d-8cc2-4882-bb9b-701306adce33",
						"exec": [
							"pm.environment.set(\"auth_token\", postman.getResponseHeader(\"X-auth-access-token\"));\r",
							"pm.environment.set(\"refresh_token\", postman.getResponseHeader(\"X-auth-refresh-token\"));\r",
							"pm.environment.set(\"domain_uuid\", postman.getResponseHeader(\"DOMAIN_UUID\"));"
						],
						"type": "text/javascript"
					}
				}
			],
			"protocolProfileBehavior": {
				"disabledSystemHeaders": {}
			},
			"request": {
				"auth": {
					"type": "basic",
					"basic": [
						{
							"key": "password",
							"value": "{{api_password}}",
							"type": "string"
						},
						{
							"key": "username",
							"value": "{{api_user}}",
							"type": "string"
						}
					]
				},
				"method": "POST",
				"header": [],
				"url": {
					"raw": "https://{{fmc_ip}}/api/fmc_platform/v1/auth/generatetoken",
					"protocol": "https",
					"host": [
						"{{fmc_ip}}"
					],
					"path": [
						"api",
						"fmc_platform",
						"v1",
						"auth",
						"generatetoken"
					]
				},
				"description": "GET request to grab an FMC REST API token."
			},
			"response": []
		},
		{
			"name": "Refresh Token Request",
			"event": [
				{
					"listen": "test",
					"script": {
						"id": "5038c38c-3dad-4745-9095-b0bd575081e3",
						"exec": [
							"pm.environment.set(\"auth_token\", postman.getResponseHeader(\"X-auth-access-token\"));\r",
							"pm.environment.set(\"refresh_token\", postman.getResponseHeader(\"X-auth-refresh-token\"));"
						],
						"type": "text/javascript"
					}
				}
			],
			"protocolProfileBehavior": {
				"disabledSystemHeaders": {}
			},
			"request": {
				"auth": {
					"type": "noauth"
				},
				"method": "POST",
				"header": [
					{
						"key": "X-auth-access-token",
						"value": "{{auth_token}}",
						"type": "text"
					},
					{
						"key": "X-auth-refresh-token",
						"value": "{{refresh_token}}",
						"type": "text"
					}
				],
				"url": {
					"raw": "https://{{fmc_ip}}/api/fmc_platform/v1/auth/refreshtoken",
					"protocol": "https",
					"host": [
						"{{fmc_ip}}"
					],
					"path": [
						"api",
						"fmc_platform",
						"v1",
						"auth",
						"refreshtoken"
					]
				},
				"description": "GET request to grab an FMC REST API token."
			},
			"response": []
		},
		{
			"name": "List Managed Devices",
			"event": [
				{
					"listen": "test",
					"script": {
						"id": "a3cfbb77-99ca-40b3-87a6-b21433866f3c",
						"exec": [
							"var jsonData = JSON.parse(responseBody); // Parse the response into a variable jsonData.\r",
							"pm.environment.set(\"object_uuid\", jsonData[\"items\"][1][\"id\"]); // Set the object id of the managed device we want to get more detailed information from (in the next step)"
						],
						"type": "text/javascript"
					}
				}
			],
			"request": {
				"auth": {
					"type": "noauth"
				},
				"method": "GET",
				"header": [
					{
						"key": "X-auth-access-token",
						"value": "{{auth_token}}",
						"type": "text"
					}
				],
				"url": {
					"raw": "https://{{fmc_ip}}//api/fmc_config/v1/domain/{{domain_uuid}}/devices/devicerecords",
					"protocol": "https",
					"host": [
						"{{fmc_ip}}"
					],
					"path": [
						"",
						"api",
						"fmc_config",
						"v1",
						"domain",
						"{{domain_uuid}}",
						"devices",
						"devicerecords"
					]
				}
			},
			"response": []
		},
		{
			"name": "Detailed Device Information",
			"request": {
				"auth": {
					"type": "noauth"
				},
				"method": "GET",
				"header": [
					{
						"key": "X-auth-access-token",
						"value": "{{auth_token}}",
						"type": "text"
					}
				],
				"url": {
					"raw": "https://{{fmc_ip}}/api/fmc_config/v1/domain/{{domain_uuid}}/devices/devicerecords/{{object_uuid}}",
					"protocol": "https",
					"host": [
						"{{fmc_ip}}"
					],
					"path": [
						"api",
						"fmc_config",
						"v1",
						"domain",
						"{{domain_uuid}}",
						"devices",
						"devicerecords",
						"{{object_uuid}}"
					]
				}
			},
			"response": []
		}
	],
	"protocolProfileBehavior": {}
}