{
	"id": "fd2a652b-ac05-42fd-9e9a-f8562a40d844",
	"name": "FMC REST API",
	"values": [
		{
			"key": "fmc_ip",
			"value": "",
			"enabled": true
		},
		{
			"key": "api_user",
			"value": "",
			"enabled": true
		},
		{
			"key": "api_password",
			"value": "",
			"enabled": true
		},
		{
			"key": "auth_token",
			"value": "",
			"enabled": true
		},
		{
			"key": "refresh_token",
			"value": "",
			"enabled": true
		},
		{
			"key": "domain_uuid",
			"value": "",
			"enabled": true
		},
		{
			"key": "object_uuid",
			"value": "",
			"enabled": true
		}
	],
	"_postman_variable_scope": "environment",
	"_postman_exported_at": "2020-08-25T21:30:07.561Z",
	"_postman_exported_using": "Postman/7.30.1"
}